id,screen_area,feature,user_story,expected_behaviour,source_refs,status,test_method,test_result,error_type,error_detail,fix_summary,fix_refs,retest_result
F001,Dashboard,Attention verdict,"As an operator, I want to know within seconds whether my agent embarrassed me overnight, so that I can stop worrying or start fixing.","Leads with a single verdict — a count of things needing action, or an explicit all-clear — before any totals. Volume and cost sit below as context, never as the headline: an agent that hangs up fast would improve 'calls handled' while getting worse.",docs/rfc-voice-agent-builder-ui.md#L7,retested-pass,audit.mjs D05/D06,pass — verdict reads 'Two things need you' above three ranked items,none,,"Job-to-be-done reframe: the page answers 'can I stop worrying', not 'what are my numbers'.",docs/voice-builder-studio-mockup.html,pass
F002,Dashboard,Severity encoding,"As an operator scanning quickly, I want severity readable without parsing numbers, so that the worst item finds me rather than me finding it.","Each attention row carries a severity stripe as well as wording. Critical and warning are distinguishable without colour alone (stripe position, ordering, and explicit copy).",docs/rfc-voice-agent-builder-ui.md#L8,retested-pass,audit.mjs D07,pass — 2 critical stripes present and ordered first,none,,,docs/voice-builder-studio-mockup.html,pass
F003,Dashboard,Caller-impact framing,"As an operator, I want each failure stated in terms of what callers experienced, so that I can triage by damage rather than by log severity.","A broken connector reads '4 callers asked to book and the agent could not' — not 'OAuth token expired'. Impact precedes cause.",docs/rfc-voice-agent-builder-ui.md#L8,retested-pass,manual read-through,pass,none,,,docs/voice-builder-studio-mockup.html,pass
F004,Dashboard,Trend context,"As an operator, I want volume, latency and spend as trends rather than point values, so that I can tell a bad day from a bad direction.","Three stat cards, each with a 7-day sparkline, emphasised endpoint, and a stated budget where one exists. Rendered, not decorative.",docs/rfc-voice-agent-builder-ui.md#L8,retested-pass,audit.mjs D08/T02,pass — 4677 px drawn light and dark,none,,,docs/voice-builder-studio-mockup.html,pass
F005,Dashboard,Recent calls,"As an operator, I want the last few calls with their outcome, so that I can spot a pattern the exception list has not yet caught.","Newest first, each with duration, outcome, and a severity stripe matching the exception list's vocabulary.",docs/rfc-voice-agent-builder-ui.md#L7,tested,manual read-through,pass,none,,,docs/voice-builder-studio-mockup.html,
F006,Agents,Agent list health,"As an operator with several agents, I want to see which are misbehaving from the list, so that I do not have to open each one to find out.","Every row shows status, number, calls today and guardrail adherence. Health is in the list because 'is anything misbehaving' is why the page gets opened; 'last edited' alone would not answer it.",docs/rfc-voice-agent-builder-ui.md#L3,retested-pass,audit.mjs A02/A03/A04,pass — 3 rows with adherence meters and distinct status chips,none,,,docs/voice-builder-studio-mockup.html,pass
F007,Agents,Lifecycle states,"As an operator, I want draft, live and paused to be visually distinct, so that I never edit a live agent believing it is a draft.","Three distinct chips. A paused agent shows em-dashes rather than stale numbers, so absence of data does not read as zero traffic.",docs/rfc-voice-agent-builder-ui.md#L4,retested-pass,audit.mjs A04,pass,none,,,docs/voice-builder-studio-mockup.html,pass
F008,Agents,Empty state,"As a first-time user, I want my first session to produce a working agent, so that I get value before I lose patience.","Empty state is preset cards, never an empty table with a Create button. Each preset is a complete agent — prompt, tools, fixture — that takes a call immediately. Exactly four options; more would trade the first decision for paralysis.",docs/rfc-voice-agent-builder-ui.md#L8,retested-pass,audit.mjs A05/A06/A07,"pass — 4 presets, reversible preview",none,,,docs/voice-builder-studio-mockup.html,pass
F009,Agents,Preset honesty,"As a builder, I want to know the generated prompt is a starting point, so that I do not ship a bland draft believing it is finished.","Copy states you will rewrite most of it. The product does not claim the draft is production-ready — the observed reviewer rewrote nearly all of theirs.",docs/rfc-voice-agent-builder.md#R2,tested,manual read-through,pass,none,,,docs/voice-builder-studio-mockup.html,
F010,Agents,Open an agent,"As an operator, I want opening an agent to change context clearly, so that I always know whether I am editing one agent or the workspace.","Selecting an agent reveals the agent tab strip and the agent's name plus draft state in the header; workspace screens hide both.",docs/rfc-voice-agent-builder-ui.md#L2,retested-pass,audit.mjs R01/R02/D03/D04,pass,none,,,docs/voice-builder-studio-mockup.html,pass
F011,Connectors,Pre-consent disclosure,"As someone about to give an AI agent access to my company mailbox, I want to know what it can and cannot do before I sign in, so that I can consent rather than gamble.","Connect opens a disclosure step first — what it can do, that everything arrives off, and that revoking is immediate — and only then hands off to the provider. Never a bare 'Connect with Google' that jumps straight to consent.",docs/rfc-voice-agent-builder-ui.md#L5,retested-pass,audit.mjs C05/C06,pass — can/cannot/revoke all present before hand-off,ux:reward-now-friction-kills,"Original catalogue design jumped straight to the provider. Handing an autonomous agent OAuth access is the highest-anxiety moment in the product; the anxiety is the design problem, not the click count.",Added a three-step flow with disclosure before hand-off.,docs/voice-builder-studio-mockup.html,pass
F012,Connectors,Tools default off,"As an operator, I want a newly connected account to grant nothing until I choose, so that connecting is not the same as authorising.","On return from the provider every tool is off and the emitted allow-list is an explicit empty array. Saving with nothing enabled is permitted and says so plainly.",docs/rfc-voice-agent-builder-ui.md#L5,retested-pass,audit.mjs C09/C10,pass — 3/3 off; allow-list renders [],none,,,docs/voice-builder-studio-mockup.html,pass
F013,Connectors,Explicit allow-list,"As an operator, I want the allow-list written out even when everything is on, so that a provider adding a tool later cannot silently widen a live agent.","allowed_tools is always emitted explicitly and shown to the user. Omission would mean 'all tools', including future ones.",docs/rfc-voice-agent-builder.md#2.2,retested-pass,audit.mjs C11/C11b,pass — array updates live and agrees with the switch,logic,"Both the generic .switch handler and the OAuth handler bound the same elements, so the toggle fired twice: the switch returned to off while the emitted array kept the tool. The security boundary and its control disagreed.",Scoped the generic binding to .switch:not(.oauth-tool); added C11b asserting switch state and allow-list agree.,docs/voice-builder-studio-mockup.html,pass
F014,Connectors,Destructive tools,"As an operator, I want irreversible tools marked, so that I do not enable deletion while skimming a list of five toggles.","Destructive tools carry an explicit chip distinct from the accent, in both the workspace connector and the OAuth step.",docs/rfc-voice-agent-builder-ui.md#5.4,retested-pass,audit.mjs C12,pass,none,,,docs/voice-builder-studio-mockup.html,pass
F015,Connectors,Expired authorization,"As an operator, I want a dead connector to reach me before a customer does, so that I am not silently failing calls for hours.","Expiry surfaces in three places: a dashboard exception with caller impact, a nav badge, and a marked card. The connectors page states that tools have been failing mid-call — the consequence, not the status code.",docs/rfc-voice-agent-builder-ui.md#8,retested-pass,audit.mjs C02/C03/C04,pass,ux:proxy-is-not-the-person,"First pass had expiry only as a red badge on the connectors page — a page nobody visits until something is already wrong. A refresh token dying is a live production incident, not a settings detail.",Promoted expiry to a dashboard exception with caller impact plus a nav badge.,docs/voice-builder-studio-mockup.html,pass
F016,Connectors,Hand-off state,"As someone who just clicked through to Google, I want the app to show it is waiting, so that I do not think it hung.","A distinct waiting step with a live status, a way to re-open the provider window, and a manual 'I've approved it' path for when the callback is missed.",docs/rfc-voice-agent-builder-ui.md#8,retested-pass,audit.mjs C07/C08,pass,none,,,docs/voice-builder-studio-mockup.html,pass
F017,Connectors,Escape hatches,"As a developer whose system is not in the catalogue, I want a custom route, so that an unlisted provider does not block me.","Custom MCP server and custom HTTP tool are offered at the top of the catalogue, not buried after eleven logos.",docs/rfc-voice-agent-builder.md#R3,tested,manual read-through,pass,none,,,docs/voice-builder-studio-mockup.html,
F018,Navigation,Workspace vs agent scope,"As a user, I want workspace-level objects separated from agent-level ones, so that I learn the right mental model of what is shared.","A persistent workspace rail (Home, Agents, Connectors, Voices, Knowledge, Usage) sits outside the agent tab strip. Shared objects are referenced by agents, never nested inside one.",docs/rfc-voice-agent-builder-ui.md#2,retested-pass,audit.mjs D03/R01/R05,pass,ux:match-what-they-already-know,"The first mockup had no workspace navigation at all — only an agent tab strip. It taught that connectors and voices live inside an agent, which is the opposite of the IA in the spec and would force re-uploading the same collection per agent.",Added the workspace rail and made the agent chrome context-dependent.,docs/voice-builder-studio-mockup.html,pass
F019,Navigation,Undesigned destinations,"As a reviewer, I want nav entries with no screen yet to say so, so that I do not read a dead button as a broken product.","Voices, Knowledge and Usage open a panel naming why they are in the nav and when the screen lands. No nav item is inert.",docs/rfc-voice-agent-builder-ui.md#3,retested-pass,audit.mjs R05,pass,ux:hidden-affordance,Nav items initially did nothing when clicked — indistinguishable from a bug.,Added a shared stub screen that names the object and its phase.,docs/voice-builder-studio-mockup.html,pass
F020,Cross-cutting,Hidden-state correctness,"As any user, I want screens to actually hide when navigating, so that I never see two screens stacked.","Toggling the hidden attribute reliably hides an element regardless of its class-level display rule.",docs/voice-builder-studio-mockup.html,retested-pass,audit.mjs D03/R05 + mutation test,pass — mutant with the fix removed fails both,logic,"Class rules such as .tabs{display:flex} out-specify the UA [hidden] rule, so setting .hidden in JS silently did nothing and the agent tab strip stayed visible on workspace screens.",Added a global [hidden]{display:none !important} with a comment naming the cascade collision.,docs/voice-builder-studio-mockup.html,pass
F021,Cross-cutting,Responsive integrity,"As a user on a narrow window, I want no sideways scrolling of the page, so that content is not lost off-screen.","Body never scrolls horizontally at 1440 or 390. Wide content scrolls inside its own container. The workspace rail becomes a horizontal strip below 820.",docs/rfc-voice-agent-builder-ui.md#8,retested-pass,audit.mjs L01/L02/L03,pass at both widths,none,,,docs/voice-builder-studio-mockup.html,pass
F022,Cross-cutting,Theme parity,"As a user in dark mode, I want the same care as light mode, so that the product does not feel half-built at night.","Tokens redefine under prefers-color-scheme and both data-theme overrides. Canvas graphics re-render on theme change rather than keeping stale colours.",docs/rfc-voice-agent-builder-ui.md#8,retested-pass,audit.mjs T01/T02,pass — canvases redraw,none,,,docs/voice-builder-studio-mockup.html,pass
F023,Build/Instructions,Default prompt sections,"As a builder, I want the seeded sections to match how people actually write voice prompts, so that I am editing a sensible shape rather than inventing one.","Five sections seeded: Identity, Voice & persona, Language, Task flow, Hard rules. Chosen because two independent observed builders converged on that structure; the earlier Greeting/Resolve/Wrap-up default covered only the task flow.",docs/rfc-voice-agent-builder-ui.md#1a.1,retested-pass,audit.mjs P01,pass — exact section list matched,ux:find-the-job,"Original defaults described only what the agent does, omitting persona, speech style and rules — three of the four things people actually write. Defaults are the highest-leverage control in an authoring UI.",Reseeded the five convergent sections.,docs/voice-builder-studio-mockup.html,pass
F024,Build/Instructions,Bound tool references,"As a builder, I want a tool mentioned in the prompt to stay correct when I rename the tool, so that my agent does not silently stop calling it mid-call.","Tool mentions render as references bound to the tool, not retyped strings. Renaming rewrites every mention; a dangling reference is listed with its section and blocks publish.",docs/rfc-voice-agent-builder-ui.md#1a.2,retested-pass,audit.mjs P02/P03,"pass — 2 bound refs, 1 broken ref surfaced",ux:cut-the-load,"Observed product requires the user to retype the tool name into the prompt and keep both in sync by hand — stated twice while building. A rename produces a silent production failure with no error anywhere.",Added bound reference tokens plus a tool-reference validation panel.,docs/voice-builder-studio-mockup.html,pass
F025,Build/Instructions,Broken reference visibility,"As a builder, I want a broken tool reference to reach me before I publish, so that I do not ship an agent that cannot call its own tools.","A dangling reference raises the Instructions section to the warning state in the config rail, so it is visible without opening the section.",docs/rfc-voice-agent-builder-ui.md#1a.2,retested-pass,audit.mjs P04,pass — rail state is state-warn,none,,,docs/voice-builder-studio-mockup.html,pass
F026,Build/Tools,Built-in tool latency cost,"As a builder, I want to know when an option makes every call slower, so that I do not trade my latency budget away without noticing.","Web search image reading states that it adds latency, at the point of the toggle rather than in documentation.",docs/rfc-voice-agent-builder-ui.md#1a,tested,manual read-through,pass,none,,,docs/voice-builder-studio-mockup.html,
